entry_id,category,speech_rate_wpm,pause_ratio,avg_pause_length_sec,pitch_mean_hz,pitch_variability,loudness_mean,loudness_variability,text_snippet
1,healthy,154.0,0.1156,0.6322,133.3,14.1,0.0395,0.0172,Went for a morning run and felt energized throughout the day.
2,healthy,175.1,0.1052,0.4319,95.5,21.8,0.0339,0.0189,Had a great conversation with my sister. We laughed about old memories.
3,healthy,160.1,0.1622,0.3358,155.6,21.3,0.0485,0.0167,Finished a project at work ahead of schedule. Feeling accomplished.
4,healthy,185.4,0.0866,0.3348,145.4,13.4,0.0704,0.023,Cooked a new recipe tonight. It turned out better than expected.
5,healthy,151.3,0.1772,0.5478,202.7,30.9,0.0503,0.0207,Spent the afternoon reading in the park. The weather was perfect.
6,healthy,142.9,0.1173,0.6905,175.9,23.5,0.0422,0.0195,Called an old friend we caught up for over an hour. Felt really good.
7,healthy,137.5,0.1228,0.3735,195.7,42.6,0.0827,0.0209,Went to the gym and hit a new personal record on my squat.
8,healthy,131.7,0.1008,0.3761,152.0,36.8,0.0652,0.0171,Took my dog for a long walk along the river. Fresh air did wonders.
9,healthy,164.6,0.0477,0.4413,123.7,35.9,0.07,0.0279,Had a productive meeting at work. My ideas were well received.
10,healthy,153.5,0.1352,0.4638,209.9,28.1,0.0744,0.0101,Started a new book before bed. Looking forward to continuing tomorrow.
11,healthy,136.3,0.144,0.342,219.9,25.6,0.0611,0.0197,Made time for meditation this morning. Feeling centered and calm.
12,healthy,144.7,0.1197,0.4042,130.2,32.4,0.0543,0.0274,Went out for brunch with friends. The food and conversation were great.
13,healthy,140.4,0.0998,0.5817,136.3,29.6,0.0617,0.0216,Completed my weekly meal prep. Feeling organized and ready for the week.
14,healthy,174.4,0.1425,0.1706,198.8,20.0,0.0895,0.0115,Took a different route on my commute and discovered a nice cafe.
15,healthy,164.6,0.0772,0.4717,144.2,26.5,0.0634,0.0155,Had a really good night's sleep. Woke up before my alarm feeling rested.
16,healthy,143.4,0.1039,0.4314,208.3,12.1,0.0678,0.0306,Finished a painting I've been working on for weeks. Proud of the result.
17,healthy,154.9,0.1022,0.5337,235.4,34.0,0.0748,0.0185,Went to a yoga class after work. My body feels limber and relaxed.
18,healthy,147.9,0.1208,-0.0056,140.2,22.5,0.0546,0.0167,Spent the evening playing board games with my family. Lots of laughs.
19,healthy,156.4,0.1699,0.5845,139.4,25.6,0.0722,0.023,Got positive feedback from my manager on the quarterly review.
20,healthy,154.2,0.0845,0.4619,141.0,20.7,0.0351,0.0163,Tried a new coffee shop downtown. The barista was friendly and the espresso was 
21,healthy,158.8,0.1138,0.3482,177.4,20.9,0.0507,0.0152,Went for a bike ride along the lake trail. The sunset was beautiful.
22,healthy,167.5,0.0976,0.5995,213.6,15.9,0.0767,0.0245,Had a deep conversation with my partner about our future plans.
23,healthy,160.6,0.136,0.596,172.6,23.8,0.0391,0.0185,Organized my closet and donated clothes I don't wear anymore.
24,healthy,118.7,0.1531,0.2782,114.9,18.5,0.061,0.0213,Went to the farmers market and picked up fresh produce for the week.
25,healthy,147.9,0.2046,0.2382,202.8,11.8,0.0798,0.0117,Finished my tax return early. Glad to have that off my mind.
26,healthy,134.2,0.1514,0.5819,208.1,25.9,0.0627,0.0329,Took a long bath with essential oils. Perfect way to unwind.
27,healthy,172.6,0.1131,0.4537,199.0,15.6,0.0522,0.022,Volunteered at the community center today. Helping others feels meaningful.
28,healthy,143.9,0.1093,0.0973,211.0,19.2,0.059,0.0236,Learned to play a new song on the guitar. Progress feels rewarding.
29,healthy,141.1,0.0779,0.4883,125.8,26.7,0.0571,0.0186,Had a productive brainstorming session with my team at work.
30,healthy,144.4,0.1756,0.4081,208.7,14.5,0.0468,0.0179,Went swimming at the local pool. The exercise really cleared my head.
31,healthy,135.6,0.1568,0.4985,205.2,30.6,0.0582,0.0123,Baked cookies for my neighbors. They were thrilled with the surprise.
32,healthy,165.4,0.0801,0.67,186.3,25.7,0.0499,0.0213,Spent the morning journaling. It helps me process my thoughts.
33,healthy,137.9,0.117,0.5015,154.5,29.8,0.0399,0.0162,Had a great workout class. The instructor was motivating and supportive.
34,healthy,156.9,0.1654,0.597,185.7,18.8,0.0505,0.022,Went to a comedy show downtown. Laughed so hard my cheeks hurt.
35,healthy,163.9,0.1586,0.5692,163.0,27.9,0.0672,0.0253,Finished organizing my home office. It feels much more productive now.
36,healthy,141.5,0.0325,0.6715,168.3,16.1,0.0758,0.0091,Had a wonderful dinner at a new restaurant downtown with my partner.
37,healthy,154.3,0.1734,0.2808,214.1,21.2,0.0644,0.0126,Went for a hike in the mountains. The views were breathtaking.
38,healthy,137.3,0.0858,0.3246,192.2,8.4,0.0553,0.0189,Spent the afternoon gardening. My tomatoes are finally coming in.
39,healthy,144.2,0.1348,0.6315,147.5,19.0,0.0343,0.0175,Got a promotion at work. All the hard work is paying off.
40,healthy,144.2,0.1641,0.3323,112.2,22.4,0.0783,0.0241,Had a relaxing evening watching the sunset from my balcony.
41,healthy,165.2,0.0912,0.8035,145.4,17.4,0.0665,0.0255,Went to a live music event with friends. The energy was incredible.
42,healthy,133.6,0.0348,0.6029,212.2,17.6,0.071,0.0097,Completed a 30-day fitness challenge. Feeling strong and accomplished.
43,healthy,160.2,0.0753,0.3474,151.9,27.8,0.0566,0.0149,Had a great therapy session. Gained some new insights about myself.
44,healthy,139.1,0.1198,0.4657,169.3,25.4,0.0456,0.0194,Went to a art gallery opening. The work was inspiring and thought-provoking.
45,healthy,157.5,0.1894,0.3901,215.1,19.6,0.054,0.0137,Spent the day at the beach. The waves and sun were exactly what I needed.
46,healthy,145.6,0.0254,0.1494,217.3,34.7,0.0512,0.0189,Had a productive day at work. Crossed everything off my to-do list.
47,healthy,133.9,0.1033,0.6464,143.1,21.5,0.0649,0.0217,Went to a cooking class with my partner. We learned to make pasta from scratch.
48,healthy,144.3,0.1289,0.7101,164.3,30.6,0.0661,0.0112,Finished reading a book that changed my perspective on several things.
49,healthy,132.8,0.0801,0.591,151.4,30.0,0.0337,0.0133,Had a wonderful morning walk through the botanical gardens.
50,healthy,153.6,0.1466,0.5116,185.1,16.9,0.0738,0.0179,Went to a friend's housewarming party. The atmosphere was warm and welcoming.
51,healthy,143.1,0.0927,0.5003,143.4,29.2,0.0756,0.0297,Completed my first 5K race. The sense of achievement is incredible.
52,healthy,152.0,0.1638,0.3736,215.1,15.7,0.0534,0.0134,Had a productive conversation with my mentor about career goals.
53,healthy,143.5,0.0864,0.2202,164.9,23.7,0.0749,0.0175,Went to a pottery class. Making something with my hands was therapeutic.
54,healthy,136.6,0.1222,0.4751,167.1,20.1,0.0571,0.0137,Spent the evening stargazing from my rooftop. The sky was crystal clear.
55,healthy,138.0,0.1016,0.493,131.9,17.2,0.0643,0.0231,Had a great day at the spa. My body feels completely rejuvenated.
56,healthy,150.3,0.0689,0.4425,139.7,28.4,0.0485,0.0197,Went to a farmers market and found organic produce at great prices.
57,healthy,124.1,0.1032,0.4499,231.6,19.1,0.0611,0.0154,Had a meaningful conversation about mental health with a close friend.
58,healthy,171.9,0.0845,0.1596,129.7,25.7,0.0404,0.0259,Completed a challenging puzzle over the weekend. The satisfaction was worth it.
59,healthy,154.3,0.1811,0.498,190.4,12.9,0.0548,0.0197,Went to a wine tasting event. Learning about different vintages was fascinating.
60,healthy,162.3,0.0665,0.5979,198.2,23.3,0.0559,0.0232,Had a wonderful day exploring the city with my visiting parents.
61,healthy,141.5,0.1086,0.4416,163.9,24.5,0.0491,0.0202,Finished my home renovation project. The transformation is amazing.
62,healthy,161.8,0.1299,0.7323,123.5,35.9,0.0644,0.0214,Went for a morning swim at sunrise. The water was refreshing.
63,healthy,166.8,0.1072,0.7456,146.6,29.5,0.0482,0.0157,Had a productive planning session for my upcoming vacation.
64,healthy,179.4,0.1583,0.3167,223.9,37.4,0.0449,0.0196,Spent the day at a wellness retreat. Feeling completely restored.
65,healthy,150.0,0.099,0.2947,141.6,32.2,0.0628,0.0255,Went to a photography workshop. Learning new techniques was exciting.
66,healthy,130.1,0.1005,0.4702,144.0,26.0,0.0533,0.0157,Had a great time at a friend's birthday celebration.
67,healthy,161.5,0.1424,0.5124,200.2,22.5,0.0976,0.0182,Completed my first meditation retreat. The experience was transformative.
68,healthy,158.0,0.083,0.5219,131.6,31.1,0.0414,0.022,Went to a farmers market and bought ingredients for a special dinner.
69,healthy,172.6,0.1121,0.544,115.6,10.2,0.0499,0.023,Had a wonderful evening of board games and laughter with friends.
70,healthy,175.4,0.1167,0.2807,200.5,27.0,0.0766,0.0156,Finished writing a short story I've been working on for months.
71,healthy,137.2,0.1126,0.3364,146.3,28.5,0.062,0.0218,Went to a outdoor concert in the park. The music under the stars was magical.
72,healthy,158.9,0.1179,0.7366,209.5,18.8,0.0478,0.0249,Had a productive day organizing my digital files and photos.
73,healthy,155.1,0.0858,0.3314,154.8,16.7,0.0479,0.0163,Went for a hike with my dog. The trail was peaceful and scenic.
74,healthy,134.9,0.1525,0.4341,175.5,24.1,0.0543,0.0207,Had a great conversation with my neighbor about community projects.
75,healthy,137.3,0.0908,0.7408,134.2,32.5,0.0532,0.0161,Completed a creative writing workshop. The feedback was encouraging.
76,healthy,140.1,0.1335,0.4164,198.7,35.7,0.055,0.0134,Went to a food festival downtown. Trying new cuisines was an adventure.
77,healthy,125.2,0.1711,0.5186,98.6,16.3,0.0578,0.0249,Had a relaxing evening with a good book and chamomile tea.
78,healthy,175.6,0.1407,0.5276,208.7,11.7,0.0637,0.0249,Went to a morning yoga class. Starting the day this way makes a difference.
79,healthy,179.1,0.1731,0.4008,146.1,-1.3,0.0525,0.0255,Had a productive meeting with my team about a new project.
80,healthy,162.6,0.1999,0.6256,214.2,38.0,0.0527,0.0209,Spent the weekend camping. Disconnecting from technology was refreshing.
81,healthy,141.0,0.1159,0.5875,149.1,30.9,0.0473,0.028,Went to a farmer's market and found the perfect avocados.
82,healthy,124.6,0.0994,0.4257,119.1,22.4,0.036,0.0222,Had a wonderful day at the aquarium with my niece and nephew.
83,healthy,161.5,0.0902,0.3317,126.0,19.3,0.0612,0.0236,Finished building a model airplane. The attention to detail was meditative.
84,healthy,156.9,0.1002,0.4957,176.7,23.0,0.0681,0.0231,Went to a jazz club downtown. The live music was incredible.
85,healthy,127.7,0.1066,0.1986,211.7,26.4,0.0333,0.0127,Had a great workout at the new gym that just opened nearby.
86,healthy,134.7,0.0953,0.4211,131.0,27.3,0.0553,0.013,Spent the afternoon at a bookstore. Found several books on my wish list.
87,healthy,155.0,0.0951,0.6347,158.4,28.4,0.0403,0.0186,Went to a comedy open mic night. Some of the performers were hilarious.
88,healthy,138.8,0.0906,0.3015,212.9,27.8,0.0647,0.0218,Had a productive brainstorming session for a personal project.
89,healthy,134.2,0.1322,0.3965,187.8,37.2,0.0924,0.0333,Went for a scenic drive through the countryside. The fall colors were stunning.
90,healthy,155.6,0.1159,0.526,218.7,25.2,0.0705,0.0203,Had a wonderful evening cooking with my partner. We tried a new cuisine.
91,healthy,126.9,0.1537,0.3055,145.2,28.2,0.0612,0.02,Completed a 10K run. My training is really paying off.
92,healthy,141.6,0.1159,0.5989,162.7,40.5,0.06,0.0249,Went to a local theater production. The performances were outstanding.
93,healthy,190.5,0.1286,0.4175,125.8,25.5,0.1084,0.0226,Had a great time at a friend's wedding celebration.
94,healthy,173.2,0.1692,0.5737,170.9,38.1,0.0681,0.0189,Spent the day at a botanical garden. The flowers were in full bloom.
95,healthy,146.6,0.0545,0.3771,206.9,22.7,0.0735,0.027,Went to a pottery workshop. Creating something with clay was grounding.
96,healthy,157.1,0.1489,0.4316,245.4,26.3,0.047,0.0175,Had a productive conversation with my boss about career advancement.
97,healthy,151.7,0.2253,0.2494,130.1,32.7,0.0813,0.02,Went to a farmers market and bought fresh flowers for my apartment.
98,healthy,167.7,0.1058,0.3245,145.4,22.2,0.0547,0.0223,Had a wonderful evening watching a documentary about ocean conservation.
99,healthy,143.0,0.1157,0.3195,146.3,20.5,0.0491,0.0263,Finished my quilt project. The hand-stitching was surprisingly relaxing.
100,healthy,134.7,0.1586,0.4695,145.0,27.3,0.0548,0.0138,Went to a community clean-up event. Making a difference felt rewarding.
101,healthy,133.2,0.1077,0.2784,199.8,9.2,0.066,0.0119,Had a great day at the races. The excitement of the crowd was contagious.
102,healthy,132.7,0.1463,0.6061,220.6,15.9,0.0351,0.0225,Went to a wine and painting night with friends. My masterpiece was questionable 
103,healthy,125.6,0.1176,0.6047,191.3,19.9,0.051,0.032,Had a productive day working from the coffee shop. The change of scenery helped.
104,healthy,165.2,0.1309,0.3617,146.1,20.4,0.0568,0.025,Spent the evening learning a new language. Progress is slow but steady.
105,healthy,147.0,0.1362,0.4257,140.0,25.9,0.0634,0.0226,Went to a farmer's market and discovered a new type of cheese.
106,healthy,156.1,0.1762,0.4927,182.1,25.7,0.056,0.0191,Had a wonderful morning at a meditation center. Inner peace achieved.
107,healthy,154.4,0.1826,0.7869,148.7,38.6,0.0477,0.013,Completed a home improvement project. The results exceeded my expectations.
108,healthy,154.3,0.0776,0.6397,160.6,12.2,0.0794,0.0225,Went to a live podcast recording. Being in the audience was exciting.
109,healthy,126.0,0.1082,0.4806,203.1,21.3,0.0592,0.0206,Had a great time at a food truck festival. So many delicious options.
110,healthy,164.7,0.1405,0.6555,169.2,21.7,0.0368,0.017,Spent the afternoon volunteering at the animal shelter.
111,healthy,152.0,0.0678,0.3433,182.3,36.3,0.0762,0.0144,Went to a morning cycling class. The energy of the group was motivating.
112,healthy,144.5,0.0929,0.2951,184.4,18.0,0.0116,0.0147,Had a productive day organizing my finances and investments.
113,healthy,158.7,0.0859,0.2621,182.2,25.6,0.0788,0.0155,Went to a friend's art exhibition. The work was thought-provoking.
114,healthy,163.4,0.1187,0.3084,210.4,25.0,0.072,0.0209,Had a wonderful evening at a rooftop bar with city views.
115,healthy,158.0,0.1222,0.4633,143.5,26.5,0.0727,0.0216,Finished learning to play a complete song on the piano.
116,healthy,114.4,0.1594,0.1478,121.5,20.5,0.0738,0.0231,Went to a local brewery tour. Learning about the brewing process was interesting
117,healthy,156.5,0.1461,0.5375,200.3,21.8,0.0785,0.0168,Had a great time at a friend's house party. Good music and better company.
118,healthy,145.6,0.1514,0.512,167.3,26.3,0.0519,0.0112,Spent the day at a science museum. The exhibits were fascinating.
119,healthy,167.8,0.1523,0.7152,218.5,28.4,0.0267,0.0148,Went to a pottery class and made my first bowl. It's imperfect but mine.
120,healthy,176.6,0.0354,0.5889,214.2,11.8,0.0802,0.0107,Had a productive conversation with my financial advisor about retirement.
121,healthy,135.9,0.0778,0.6224,218.1,18.5,0.0547,0.0191,Went to a farmers market and found organic honey from a local beekeeper.
122,healthy,141.8,0.0564,-0.0086,145.5,14.5,0.0735,0.0229,Had a wonderful evening at a drive-in movie theater.
123,healthy,151.9,0.0979,0.3621,164.5,19.0,0.0565,0.0157,Completed a 30-day meditation challenge. My focus has improved significantly.
124,healthy,159.5,0.0982,0.2093,216.4,32.6,0.0426,0.0172,Went to a local theater to see a classic play. The acting was superb.
125,healthy,168.3,0.1191,0.4557,225.7,20.8,0.042,0.0239,Had a great time at a friend's barbecue. The food was amazing.
126,healthy,160.1,0.1028,0.523,190.8,13.6,0.0668,0.0241,Spent the weekend at a cabin in the mountains. Complete tranquility.
127,healthy,161.8,0.0551,0.3344,129.9,26.3,0.0827,0.0245,Went to a morning Pilates class. My core feels stronger already.
128,healthy,170.1,0.1763,0.5763,201.8,21.9,0.0661,0.0164,Had a productive day at the library researching a personal project.
129,healthy,135.0,0.1802,0.3925,231.2,24.7,0.0497,0.012,Went to a farmer's market and bought ingredients for a special meal.
130,healthy,142.8,0.0667,0.3868,134.9,13.8,0.0367,0.0276,Had a wonderful evening at a jazz festival in the park.
131,healthy,138.6,0.1149,0.5433,149.9,23.8,0.0766,0.0217,Finished writing in my gratitude journal. I have so much to be thankful for.
132,healthy,148.1,0.0885,0.2629,138.9,27.9,0.0518,0.03,Went to a friend's graduation ceremony. I'm so proud of their accomplishment.
133,healthy,118.3,0.1931,0.2144,143.3,14.3,0.0619,0.0228,Had a great workout at the climbing gym. My upper body is sore but happy.
134,healthy,155.2,0.1702,0.4101,188.8,29.5,0.0541,0.0255,Spent the afternoon at a pet adoption event. So many cute animals.
135,healthy,149.9,0.1123,0.3936,192.8,47.2,0.059,0.0197,Went to a morning meditation session. Starting the day with intention matters.
136,healthy,155.3,0.1181,0.5983,193.0,23.8,0.0702,0.0189,Had a productive meeting with my book club about this month's selection.
137,healthy,141.8,0.1535,0.6079,169.6,17.9,0.0326,0.018,Went to a farmers market and found the perfect ingredients for tonight's dinner.
138,healthy,135.6,0.0822,0.3801,192.8,19.6,0.0748,0.0254,Had a wonderful day at a theme park with friends. We rode every roller coaster.
139,healthy,130.1,0.0904,0.4741,155.4,39.1,0.0404,0.0101,Completed a creative writing challenge. Writing every day is becoming a habit.
140,healthy,164.0,0.1273,0.2325,149.1,27.5,0.0366,0.0184,Went to a local art fair. The variety of talent in our community is impressive.
141,healthy,161.5,0.1901,0.4724,213.9,45.1,0.0535,0.0173,Had a great time at a friend's engagement party. Love is in the air.
142,healthy,173.4,0.1448,0.2578,152.5,29.2,0.0623,0.0208,Spent the evening learning to code a small game. The logic puzzles are fun.
143,healthy,170.7,0.1151,0.2873,128.0,25.2,0.0634,0.0276,Went to a morning run club. Running with others keeps me accountable.
144,healthy,162.5,0.1715,0.6666,202.5,20.9,0.0471,0.0237,"Had a productive day decluttering my home. Less stuff, more peace."
145,healthy,155.5,0.1445,0.1184,173.6,30.4,0.0567,0.0184,Went to a farmer's market and discovered a new type of apple. Delicious.
146,healthy,141.1,0.127,0.5399,119.3,29.1,0.0485,0.0107,Had a wonderful evening at a symphony performance. The music was transcendent.
147,healthy,162.1,0.0926,0.4837,118.0,23.5,0.0452,0.026,Finished my scrapbook of last summer's vacation. Preserving memories matters.
148,healthy,142.7,0.0642,0.4016,154.3,25.9,0.0304,0.0227,Went to a friend's housewarming. Their new place is beautiful.
149,healthy,158.1,0.0991,0.0313,196.5,14.7,0.0766,0.0232,Had a great time at a local trivia night with friends. We came in second.
150,healthy,147.7,0.0428,0.5655,142.3,29.7,0.0507,0.0308,Spent the day at a lake house with family. The water was perfect for kayaking.
151,healthy,138.0,0.0396,0.2394,216.5,20.0,0.06,0.0109,Went to a morning spinning class. The instructor's playlist was on point.
152,healthy,133.7,0.0817,0.4069,231.7,26.4,0.0854,0.0136,Had a productive conversation with my neighbor about starting a community garden
153,healthy,154.8,0.1083,0.3526,170.8,31.7,0.0809,0.0266,Went to a farmers market and bought fresh herbs for my kitchen garden.
154,healthy,162.7,0.1088,0.4027,137.1,3.5,0.0533,0.0181,Had a wonderful evening at a comedy club. Laughing is the best medicine.
155,healthy,145.7,0.1163,0.5146,160.9,28.1,0.0532,0.0253,Completed a home organization project. Everything has its place now.
156,healthy,170.3,0.1526,0.4908,161.0,23.4,0.0735,0.0297,Went to a local bookstore event. Meeting the author was inspiring.
157,healthy,151.2,0.1192,0.4523,206.9,10.5,0.0602,0.0155,Had a great time at a friend's pool party. Summer is finally here.
158,healthy,139.0,0.1321,0.6654,184.7,28.9,0.091,0.0204,Spent the evening learning a new recipe from a cooking show.
159,healthy,146.3,0.1754,0.4936,197.7,32.0,0.0647,0.0208,Went to a morning stretch class. My flexibility is improving weekly.
160,healthy,153.0,0.072,0.3539,218.2,27.0,0.0689,0.0199,Had a productive day working on my portfolio. The progress is visible.
161,healthy,145.3,0.1775,0.3894,120.2,38.0,0.0548,0.0191,Went to a farmer's market and found artisan bread that was still warm.
162,healthy,153.1,0.1241,0.3184,159.4,12.8,0.063,0.0185,Had a wonderful day at a botanical garden. The orchid exhibit was stunning.
163,healthy,142.5,0.1237,0.5351,196.2,26.4,0.0699,0.0261,Finished reading a book that genuinely changed how I think about success.
164,healthy,157.0,0.1687,0.4262,205.6,14.2,0.0656,0.0124,Went to a friend's milestone birthday celebration. The surprise was a hit.
165,healthy,123.9,0.1543,0.4381,171.1,34.9,0.0508,0.0119,Had a great workout at the CrossFit box. The community there is supportive.
166,healthy,150.5,0.0473,0.4539,146.8,31.6,0.0626,0.0224,Spent the afternoon at a jazz brunch. The music and food were both excellent.
167,healthy,123.9,0.1356,0.442,131.4,22.9,0.0623,0.0147,Went to a morning tai chi class in the park. The peaceful start to the day was p
168,healthy,172.0,0.1334,0.6586,144.8,28.0,0.0541,0.026,Had a productive meeting with my team about our charity fundraiser.
169,healthy,150.8,0.1004,0.3747,162.4,39.6,0.053,0.0233,Went to a farmers market and found the best peaches I've ever tasted.
170,healthy,176.7,0.1603,0.3696,220.5,26.0,0.0693,0.0246,Had a wonderful evening at a rooftop cinema. Watching a classic under the stars.
171,healthy,171.1,0.0563,0.1824,153.6,34.1,0.0663,0.0131,Completed a week-long digital detox. My sleep has improved dramatically.
172,healthy,141.0,0.1127,0.4401,123.1,40.5,0.0616,0.0182,Went to a local music festival. Discovering new artists is always exciting.
173,healthy,167.0,0.1818,0.3727,161.4,30.5,0.0777,0.021,Had a great time at a friend's camping trip. S'mores and stargazing.
174,healthy,156.9,0.1269,0.3239,141.0,18.8,0.0863,0.0253,Spent the day at a pottery workshop. Making a mug from scratch was satisfying.
175,healthy,130.5,0.1743,0.3906,233.1,23.4,0.0629,0.0207,Went to a morning meditation retreat. The guided session brought clarity.
176,healthy,156.3,0.0484,0.4399,155.3,31.0,0.0296,0.0211,Had a productive conversation with my therapist about setting boundaries.
177,healthy,145.1,0.1531,0.4583,136.0,0.0,0.0552,0.0204,Went to a farmer's market and bought organic vegetables for the week.
178,healthy,153.9,0.0591,0.6448,207.8,27.2,0.0776,0.0117,Had a wonderful evening at a candlelight yoga session. Deeply relaxing.
179,healthy,134.3,0.1927,0.6539,165.6,38.4,0.0636,0.0178,Finished a challenging crossword puzzle. My vocabulary has definitely improved.
180,healthy,142.1,0.13,0.5674,149.3,13.2,0.0588,0.0229,Went to a friend's house for a homemade pasta dinner. The effort showed.
181,healthy,178.4,0.1864,0.3851,141.6,18.9,0.0564,0.0285,Had a great time at a local escape room with coworkers. We escaped with 2 minute
182,healthy,140.6,0.0981,0.4087,229.4,18.7,0.0635,0.0204,Spent the weekend at a wellness retreat. Three days of pure rejuvenation.
183,healthy,154.0,0.1127,0.4026,215.7,20.3,0.0297,0.0147,Went to a morning dance class. Moving my body to music lifts my spirits.
184,healthy,133.3,0.0846,0.4969,220.8,37.8,0.0622,0.0181,Had a productive day organizing my photo library. So many memories to revisit.
185,healthy,172.6,0.0883,0.3897,141.4,23.9,0.0536,0.0173,Went to a farmers market and found a vendor selling homemade salsa. Incredible.
186,healthy,170.0,0.1247,0.2817,171.3,38.4,0.0593,0.0247,Had a wonderful evening at a poetry reading. The words moved me deeply.
187,healthy,163.6,0.2016,0.306,244.8,22.1,0.0604,0.0243,Completed a 60-day fitness challenge. Consistency really is key.
188,healthy,161.2,0.1384,0.3493,188.8,20.7,0.0403,0.0244,Went to a local theater to see a musical. The talent on stage was remarkable.
189,healthy,165.0,0.1517,0.5648,217.3,20.0,0.054,0.0201,Had a great time at a friend's surprise party. The look on their face was pricel
190,healthy,158.8,0.1053,0.4561,202.7,17.0,0.0793,0.0192,Spent the day at a nature reserve. Bird watching was surprisingly meditative.
191,healthy,137.4,0.1715,0.5537,171.4,21.4,0.0323,0.0251,Went to a morning kickboxing class. The energy in the room was electric.
192,healthy,163.3,0.1117,0.5105,202.7,32.6,0.0414,0.0156,Had a productive conversation with my partner about our travel plans.
193,healthy,127.2,0.0778,0.3491,235.4,25.9,0.068,0.0127,Went to a farmer's market and bought fresh flowers that brightened my whole apar
194,healthy,137.8,0.1447,0.2153,129.1,26.9,0.0478,0.0164,Had a wonderful evening at a storytelling event. Real stories resonate deeply.
195,healthy,158.5,0.1988,0.368,178.8,41.4,0.0427,0.0178,Finished learning a new software tool. The learning curve was worth it.
196,healthy,117.4,0.1728,0.4379,106.3,24.0,0.0632,0.0186,Went to a friend's art show opening. Supporting local artists feels important.
197,healthy,182.0,0.0589,0.6422,145.1,30.0,0.0678,0.0252,Had a great workout at the new rock climbing gym. My grip strength is improving.
198,healthy,153.1,0.0727,0.3372,127.2,29.8,0.0622,0.023,Spent the afternoon at a community festival. The diversity of our neighborhood i
199,healthy,162.3,0.1591,0.5285,194.3,21.1,0.0896,0.0205,Went to a morning cycling tour of the city. Seeing familiar streets differently.
200,healthy,151.6,0.1067,0.3828,115.3,6.8,0.0654,0.022,Had a productive day at work. I finally cracked the problem I've been stuck on.
